车站,高铁计数,高德经纬度(缺240暂不分列）,,,,
阿巴嘎旗站,0,"114.950248,44.022995",,,114.950248,44.022995
阿城站,0,"126.994789,45.552036",,,126.994789,45.552036
阿尔山站,0,"119.948043,47.172209",,,119.948043,47.172209
阿尔山北站,0,"119.846516,47.291797",,,119.846516,47.291797
阿房宫站,17,"108.828209,34.269119",,,108.828209,34.269119
阿贵图站,0,"113.141479,41.784073",,,113.141479,41.784073
阿金站,0,"121.754883,42.043633",,,121.754883,42.043633
阿克苏站,0,"80.306321,41.145645",,,80.306321,41.145645
阿克陶站,0,"75.976511,39.165508",,,75.976511,39.165508
阿拉山口站,0,"82.572905,45.170899",,,82.572905,45.170899
阿勒泰站,0,"88.141253,47.844924",,,88.141253,47.844924
阿里河站,0, ,,,0,0
阿龙山站,0, ,,,0,0
阿木尔站,0,"123.162636,52.861450",,,123.162636,52.86145
阿南庄站,0,"101.816147,25.443258",,,101.816147,25.443258
阿图什站,0, ,,,0,0
阿乌尼站,0,"122.000710,51.945908",,,122.00071,51.945908
阿寨站,0,"96.415115,32.379871",,,96.415115,32.379871
埃岱站,0,"102.801140,29.026556",,,102.80114,29.026556
艾不盖站,0,"109.859642,41.529869",,,109.859642,41.529869
艾河站,0,"114.547806,39.393742",,,114.547806,39.393742
艾家村站,0,"105.765953,37.175076",,,105.765953,37.175076
爱河站,0,"129.699036,44.581367",,,129.699036,44.581367
安达站,35,"125.322660,46.402478",,,125.32266,46.402478
安德站,7,"103.811958,30.874285",,,103.811958,30.874285
安多站,0, ,,,0,0
安广站,5,"123.778549,45.575310",,,123.778549,45.57531
安化站,0,"111.099254,28.035310",,,111.099254,28.03531
安家站,0,"127.067871,45.052399",,,127.067871,45.052399
安靖站,12,"104.036934,30.736984",,,104.036934,30.736984
安康站,0,"109.017214,32.712616",,,109.017214,32.712616
安口窑站,0,"106.808846,35.234764",,,106.808846,35.234764
安陆站,12,"113.695902,31.257763",,,113.695902,31.257763
安平站,0, ,,,0,0
安庆站,52,"117.065379,30.549098",,,117.065379,30.549098
安庆沟站,0, ,,,0,0
安庆西站,0,"116.818997,30.762338",,,116.818997,30.762338
安仁站,0,"113.256278,26.769545",,,113.256278,26.769545
安顺站,0,"105.944096,26.229749",,,105.944096,26.229749
安顺西站,46,"105.872292,26.199886",,,105.872292,26.199886
安塘站,0,"111.708191,38.815819",,,111.708191,38.815819
安亭北站,11,"121.158585,31.314981",,,121.158585,31.314981
安图站,0,"128.908453,43.115586",,,128.908453,43.115586
安图西站,24,"128.894922,43.113594",,,128.894922,43.113594
安阳站,0,"114.340559,36.104710",,,114.340559,36.10471
安阳东站,83,"114.453569,36.084124",,,114.453569,36.084124
鞍山站,0,"122.986291,41.112653",,,122.986291,41.112653
鞍山西站,63,"122.915734,41.117906",,,122.915734,41.117906
昂昂溪站,0,"123.814617,47.162148",,,123.814617,47.162148
敖汉站,0,"120.153191,42.644505",,,120.153191,42.644505
敖来站,0,"121.157280,43.244156",,,121.15728,43.244156
敖力布告站,0,"123.023888,44.243645",,,123.023888,44.243645
敖头站,0,"114.561096,28.454973",,,114.561096,28.454973
鳌江站,53,"120.545891,27.625620",,,120.545891,27.62562
八方站,0,"124.786499,48.409168",,,124.786499,48.409168
八方山站,34,"112.934549,28.230352",,,112.934549,28.230352
八虎力站,0,"130.646194,46.334991",,,130.646194,46.334991
八面城站,0,"124.061554,43.209435",,,124.061554,43.209435
八面通站,0,"130.541870,44.926529",,,130.54187,44.926529
八苏木站,0,"112.848305,40.952824",,,112.848305,40.952824
八仙筒站,0,"121.063004,43.202175",,,121.063004,43.202175
巴楚站,0, ,,,0,0
巴东站,18,"110.357817,30.662827",,,110.357817,30.662827
巴林站,0,"122.333893,48.315174",,,122.333893,48.315174
巴日图站,0,"97.959808,30.274364",,,97.959808,30.274364
巴山站,0,"108.118584,32.256844",,,108.118584,32.256844
巴彦高勒站,0, ,,,0,0
巴彦郭勒站,0, ,,,0,0
巴中站,0,"106.765546,31.874175",,,106.765546,31.874175
坝梁站,0,"109.771301,41.091045",,,109.771301,41.091045
鲅鱼圈站,47,"122.094348,40.187940",,,122.094348,40.18794
霸州站,0,"116.375988,39.122308",,,116.375988,39.122308
霸州西站,30,"116.350292,39.093244",,,116.350292,39.093244
白壁关站,0,"111.721764,37.143185",,,111.721764,37.143185
白城站,14,"122.862886,45.617105",,,122.862886,45.617105
白沟站,26,"116.024239,39.120583",,,116.024239,39.120583
白果站,0,"102.604095,28.813572",,,102.604095,28.813572
白合站,0,"112.552925,34.856171",,,112.552925,34.856171
白河站,0,"110.115089,32.804642",,,110.115089,32.804642
白河东站,0,"110.115089,32.804642",,,110.115089,32.804642
白河县站,0, ,,,0,0
白桦排站,0,"124.194130,50.248142",,,124.19413,50.248142
白芨沟站,0,"106.141205,39.119083",,,106.141205,39.119083
白鸡坡站,0,"104.806839,26.438189",,,104.806839,26.438189
白涧站,0,"115.288948,39.646488",,,115.288948,39.646488
白奎堡站,0,"127.003723,46.371250",,,127.003723,46.37125
白狼站,0,"120.107971,47.055698",,,120.107971,47.055698
白马井站,21,"110.673195,22.340151",,,110.673195,22.340151
白旗站,0,"117.672348,41.158985",,,117.672348,41.158985
白泉站,0,"122.157021,30.066101",,,122.157021,30.066101
白沙坡站,0, ,,,0,0
白沙铺站,11,"115.0752200000,29.9582200000,",,,"115.0752200000,29.9582200000",
白山市站,0,"126.457267,41.953129",,,126.457267,41.953129
白石山站,0,"127.560951,43.582432",,,127.560951,43.582432
白石岩站,0,"102.607819,28.756334",,,102.607819,28.756334
白水江站,0, ,,,0,0
白水镇站,0, ,,,0,0
白彦花站,0,"109.295715,40.627995",,,109.295715,40.627995
白洋淀站,23,"111.513931,30.417994",,,111.513931,30.417994
白音察干站,0,"113.185425,41.455448",,,113.185425,41.455448
白音胡硕站,0,"121.441422,45.015770",,,121.441422,45.01577
白音华南站,0,"122.962151,48.118793",,,122.962151,48.118793
白音他拉站,0,"120.832687,43.073166",,,120.832687,43.073166
白银哈尔站,0, ,,,0,0
白银市站,0,"104.138559,36.544756",,,104.138559,36.544756
白银西站,0,"104.099194,36.549698",,,104.099194,36.549698
白云鄂博站,0, ,,,0,0
百里峡站,0,"115.393196,39.683826",,,115.393196,39.683826
百色站,56,"106.664238,23.885593",,,106.664238,23.885593
柏村站,0,"103.185524,29.258858",,,103.185524,29.258858
柏果站,0,"104.503342,26.000961",,,104.503342,26.000961
班猫箐站,0,"103.213448,24.932346",,,103.213448,24.932346
板城站,0,"115.256432,39.614010",,,115.256432,39.61401
板石河站,0,"127.541397,42.279469",,,127.541397,42.279469
板塘站,33,"112.972290,27.859684",,,112.97229,27.859684
半截河站,0,"130.316589,46.947693",,,130.316589,46.947693
蚌埠站,0,"117.377620,32.943937",,,117.37762,32.943937
蚌埠南站,149,"117.441597,32.901631",,,117.441597,32.901631
包头站,24,"109.836919,40.605177",,,109.836919,40.605177
包头北站,0,"109.746952,40.661745",,,109.746952,40.661745
包头东站,24,"110.024867,40.570342",,,110.024867,40.570342
包头东站,0,"110.024867,40.570342",,,110.024867,40.570342
包头西站,0,"109.751587,40.611394",,,109.751587,40.611394
宝坻站,0,"117.335990,39.715540",,,117.33599,39.71554
宝华山站,2,"119.055702,32.149189",,,119.055702,32.149189
宝鸡站,0,"107.153092,34.372845",,,107.153092,34.372845
宝鸡南站,105,"107.232182,34.334060",,,107.232182,34.33406
宝拉格站,0,"113.147934,41.702354",,,113.147934,41.702354
宝林站,0,"129.979523,45.027714",,,129.979523,45.027714
宝龙山站,0, ,,,0,0
宝木吐站,0,"118.776161,43.638023",,,118.776161,43.638023
宝清站,0,"132.196472,46.332580",,,132.196472,46.33258
宝泉岭站,0,"130.522736,47.430317",,,130.522736,47.430317
保定站,8,"115.479253,38.863753",,,115.479253,38.863753
保定东站,133,"115.601492,38.864142",,,115.601492,38.864142
保健站,0, ,,,0,0
保康站,0, ,,,0,0
堡子湾站,0,"113.280235,40.351040",,,113.280235,40.35104
北安站,0,"126.512368,48.235688",,,126.512368,48.235688
北板桥站,0,"112.893234,35.649372",,,112.893234,35.649372
北碚站,0,"106.437447,29.821255",,,106.437447,29.821255
北戴河站,39,"119.420099,39.851931",,,119.420099,39.851931
北磴站,0,"119.213821,40.733418",,,119.213821,40.733418
北岗站,0,"131.755615,47.353256",,,131.755615,47.353256
北海站,48,"109.128222,21.453139",,,109.128222,21.453139
北蛘,11,"113.263939,22.916031",,,113.263939,22.916031
北京站,48,"116.422408,39.903081",,,116.422408,39.903081
北京东站,0,"116.484606,39.902755",,,116.484606,39.902755
北京南站,383,"116.379092,39.864881",,,116.379092,39.864881
北京西站,202,"116.321337,39.894966",,,116.321337,39.894966
北井子站,8,"116.920288,43.031727",,,116.920288,43.031727
北流站,0,"110.346578,22.704253",,,110.346578,22.704253
北马圈子站,0,"117.603874,40.520771",,,117.603874,40.520771
北票南站,0,"120.818282,41.702017",,,120.818282,41.702017
北屯站,0, ,,,0,0
北屯市站,0,"87.806743,47.361308",,,87.806743,47.361308
北宅站,0,"116.572426,40.340679",,,116.572426,40.340679
背荫河站,0,"126.998596,45.171143",,,126.998596,45.171143
贲红站,0,"113.243797,41.311081",,,113.243797,41.311081
本溪站,73,"123.759107,41.295286",,,123.759107,41.295286
本溪新城站,15,"123.677685,41.482596",,,123.677685,41.482596
笔架山站,0,"131.003418,46.787457",,,131.003418,46.787457
碧江站,4,"113.262628,22.949821",,,113.262628,22.949821
碧水站,0,"123.666374,52.117981",,,123.666374,52.117981
碧州站,0,"124.613518,51.949608",,,124.613518,51.949608
璧山站,16,"106.224108,29.503869",,,106.224108,29.503869
边沟站,0,"124.378448,40.723892",,,124.378448,40.723892
宾阳站,61,"109.093881,23.215572",,,109.093881,23.215572
彬县站,0,"108.077658,35.043911",,,108.077658,35.043911
滨海站,19,"119.858611,34.016058",,,119.858611,34.016058
滨海北站,13,"117.762249,39.236134",,,117.762249,39.236134
滨州站,0,"118.018322,37.374377",,,118.018322,37.374377
泊头站,0,"116.586639,38.061661",,,116.586639,38.061661
勃利站,0,"130.559839,45.755934",,,130.559839,45.755934
亳州站,0,"115.797629,33.847837",,,115.797629,33.847837
博鳌站,16,"110.486671,19.135885",,,110.486671,19.135885
博白站,0,"109.992526,22.230598",,,109.992526,22.230598
博克图站,0,"121.918526,48.754414",,,121.918526,48.754414
博乐站,0, ,,,0,0
博兴站,0,"118.142733,37.135949",,,118.142733,37.135949
布海站,0,"125.629013,44.382778",,,125.629013,44.382778
蔡家沟站,0,"126.138596,45.119370",,,126.138596,45.11937
蔡家坡站,0,"107.597801,34.321194",,,107.597801,34.321194
苍南站,57,"120.411873,27.527866",,,120.411873,27.527866
苍石站,0,"124.520805,41.987904",,,124.520805,41.987904
苍溪站,12,"105.916114,31.760114",,,105.916114,31.760114
沧州站,0,"116.877658,38.309223",,,116.877658,38.309223
沧州西站,94,"116.767890,38.306999",,,116.76789,38.306999
曹家营子站,0,"118.778519,42.338276",,,118.778519,42.338276
曹县站,0,"115.581826,34.825872",,,115.581826,34.825872
曹子里站,0,"117.138603,39.410957",,,117.138603,39.410957
草海站,0,"104.253838,26.878353",,,104.253838,26.878353
草河口站,0, ,,,0,0
草市站,0,"125.234901,42.297462",,,125.234901,42.297462
册亨站,0, ,,,0,0
岑溪站,0,"110.945480,22.902530",,,110.94548,22.90253
茶陵南站,0,"113.525264,26.737961",,,113.525264,26.737961
茶条沟站,0,"129.018082,43.040138",,,129.018082,43.040138
查布嘎站,0,"120.069183,43.857800",,,120.069183,43.8578
查干湖站,5,"96.948837,37.489452",,,96.948837,37.489452
查干特格站,0,"112.243576,43.377235",,,112.243576,43.377235
察尔汗站,0,"95.304932,36.809452",,,95.304932,36.809452
察素齐站,6,"111.126045,40.705784",,,111.126045,40.705784
岔江站,0,"110.363113,24.580414",,,110.363113,24.580414
柴沟堡站,0,"114.416107,40.671211",,,114.416107,40.671211
柴河站,0,"129.686493,44.767357",,,129.686493,44.767357
昌乐站,7,"118.838991,36.710527",,,118.838991,36.710527
昌黎站,0,"119.168058,39.704233",,,119.168058,39.704233
昌平北站,0,"116.233105,40.231439",,,116.233105,40.231439
昌图站,0,"124.117401,42.779094",,,124.117401,42.779094
昌图西站,25,"124.067808,42.778191",,,124.067808,42.778191
常德站,16,"111.694993,29.070487",,,111.694993,29.070487
常平站,170,"114.006233,22.983292",,,114.006233,22.983292
常平东站,62,"112.939995,35.240242",,,112.939995,35.240242
常平南站,62,"114.00471,22.972485",,,114.00471,22.972485
常山站,6,"118.528006,28.935011",,,118.528006,28.935011
常州站,202,"119.973395,31.785408",,,119.973395,31.785408
常州北站,93,"119.955497,31.854055",,,119.955497,31.854055
常庄站,0,"117.890060,36.322731",,,117.89006,36.322731
超梁沟站,0,"117.696053,41.233070",,,117.696053,41.23307
巢湖站,0,"117.890948,31.614378",,,117.890948,31.614378
巢湖东站,52,"117.925139,31.617860",,,117.925139,31.61786
朝天站,10,"105.878786,32.637966",,,105.878786,32.637966
朝天南站,0,"105.886568,32.636499",,,105.886568,32.636499
朝阳川站,0, ,,,0,0
朝阳村站,0, ,,,0,0
朝阳地站,0, ,,,0,0
朝阳南站,0,"120.440361,41.520692",,,120.440361,41.520692
朝阳镇站,0, ,,,0,0
朝中站,0, ,,,0,0
潮汕站,170,"116.588005,23.536369",,,116.588005,23.536369
潮水站,0,"127.370026,49.738907",,,127.370026,49.738907
潮阳站,67,"116.422380,23.380822",,,116.42238,23.380822
潮州站,0,"116.583878,23.638575",,,116.583878,23.638575
车墩站,71,"121.320587,31.005135",,,121.320587,31.005135
车转湾站,0,"104.152588,25.692438",,,104.152588,25.692438
郴州站,0,"113.033161,25.808282",,,113.033161,25.808282
郴州西站,147,"112.969660,25.735955",,,112.96966,25.735955
辰清站,0,"127.238724,49.141682",,,127.238724,49.141682
辰溪站,0,"110.255584,27.878622",,,110.255584,27.878622
陈官营站,0,"106.141205,39.119083",,,106.141205,39.119083
陈相屯站,0,"123.531319,41.564571",,,123.531319,41.564571
晨明站,0,"129.489990,46.975262",,,129.48999,46.975262
成都站,19,"104.073403,30.696772",,,104.073403,30.696772
成都东站,289,"104.141625,30.628860",,,104.141625,30.62886
成都南站,30,"104.068464,30.605893",,,104.068464,30.605893
成高子站,0,"126.836708,45.699963",,,126.836708,45.699963
成吉思汗站,0,"122.839516,47.748703",,,122.839516,47.748703
承德站,0,"117.955027,40.965014",,,117.955027,40.965014
承德东站,0,"117.990216,40.889091",,,117.990216,40.889091
城固站,0,"107.322028,33.137339",,,107.322028,33.137339
城固北站,45,"107.306002,33.183914",,,107.306002,33.183914
城子坦站,5,"122.497498,39.509052",,,122.497498,39.509052
池州站,52,"117.522087,30.619559",,,117.522087,30.619559
赤壁站,0,"113.930075,29.721565",,,113.930075,29.721565
赤壁北站,44,"113.900578,29.735707",,,113.900578,29.735707
赤峰站,0,"118.959673,42.256860",,,118.959673,42.25686
赤峰东站,0,"119.045764,42.285914",,,119.045764,42.285914
赤峰西站,0,"118.902175,42.276154",,,118.902175,42.276154
崇信站,0, ,,,0,0
崇左站,0,"107.358249,22.403867",,,107.358249,22.403867
滁州站,61,"118.320349,32.198475",,,118.320349,32.198475
滁州北站,0,"118.327637,32.308108",,,118.327637,32.308108
楚鲁图站,0,"112.601784,42.845734",,,112.601784,42.845734
楚山站,0,"130.028305,45.118153",,,130.028305,45.118153
楚雄南站,0,"101.544586,25.050582",,,101.544586,25.050582
褚家湾站,0,"106.120056,36.406300",,,106.120056,36.4063
串子沟站,0,"120.434723,40.734051",,,120.434723,40.734051
春申站,71,"121.354195,31.079416",,,121.354195,31.079416
春亭阁站,0,"124.492500,49.791031",,,124.4925,49.791031
春阳站,0,"129.444626,43.715687",,,129.444626,43.715687
慈利站,0,"111.119059,29.417348",,,111.119059,29.417348
磁山站,0,"114.111794,36.597157",,,114.111794,36.597157
磁县站,0,"114.372757,36.360263",,,114.372757,36.360263
磁窑站,0,"117.106071,35.901386",,,117.106071,35.901386
从江站,37,"109.114834,25.908873",,,109.114834,25.908873
崔黄口站,0,"117.201401,39.521637",,,117.201401,39.521637
翠峰站,0,"111.805847,36.813541",,,111.805847,36.813541
翠岗站,0,"124.693283,52.048630",,,124.693283,52.04863
嵯岗站,0,"118.100258,49.256519",,,118.100258,49.256519
达家沟站,0,"125.821938,44.658520",,,125.821938,44.65852
达拉滨站,0,"124.789185,49.665611",,,124.789185,49.665611
达拉特西站,2,"109.896271,40.380768",,,109.896271,40.380768
达州站,16,"107.453435,31.198531",,,107.453435,31.198531
打柴沟站,0,"102.998962,37.090115",,,102.998962,37.090115
大安站,11,找不到,,,0,0
大安北站,0, ,,,0,0
大坝站,0,"105.934265,38.024426",,,105.934265,38.024426
大板站,0,"118.639900,43.525330",,,118.6399,43.52533
大堡站,0,"124.246582,40.545734",,,124.246582,40.545734
大柴旦站,0,"121.667778,29.927992",,,121.667778,29.927992
大磴沟站,0,"106.373535,39.170521",,,106.373535,39.170521
大东站,0, ,,,0,0
大方南站,0,"105.611442,27.132569",,,105.611442,27.132569
大丰站,35,"120.307350,33.169042",,,120.30735,33.169042
大孤山站,13,"123.046181,41.066040",,,123.046181,41.06604
大关站,0,"103.979565,27.832692",,,103.979565,27.832692
大官屯站,0,"123.870773,41.856903",,,123.870773,41.856903
大红旗站,0, ,,,0,0
大虎山站,0,"122.148376,41.613731",,,122.148376,41.613731
大灰厂站,0,"116.127785,39.852005",,,116.127785,39.852005
大涧站,0,"114.308380,39.472157",,,114.30838,39.472157
大苴站,0,"101.111641,25.335030",,,101.111641,25.33503
大口钦站,0,"126.587189,44.169640",,,126.587189,44.16964
大口屯站,0,"117.264549,39.604462",,,117.264549,39.604462
大朗镇站,60,"112.975243,22.759811",,,112.975243,22.759811
大理站,0,"100.250453,25.589564",,,100.250453,25.589564
大荔站,39,"109.92587,34.834516",,,109.92587,34.834516
大荔北站,0, ,,,0,0
大连站,39,"121.632832,38.922303",,,121.632832,38.922303
大连北站,101,"121.607416,39.016775",,,121.607416,39.016775
大林站,0,"122.807976,43.716091",,,122.807976,43.716091
大陆号站,0,"113.284622,41.207642",,,113.284622,41.207642
大民屯站,0,"123.962440,47.256195",,,123.96244,47.256195
大盘石站,0,"115.091820,39.428032",,,115.09182,39.428032
大平房站,0, ,,,0,0
大埔站,0,"116.577476,24.409519",,,116.577476,24.409519
大青沟站,0,"122.187668,42.824776",,,122.187668,42.824776
大庆站,0,"125.012679,46.598398",,,125.012679,46.598398
大庆东站,35,"125.123235,46.533519",,,125.123235,46.533519
大庆西站,48,"124.886172,46.656914",,,124.886172,46.656914
大石桥站,0,"122.504819,40.644871",,,122.504819,40.644871
大石头站,0,"128.502014,43.305779",,,128.502014,43.305779
大石寨站,0,"121.383301,46.312244",,,121.383301,46.312244
大田边站,0, ,,,0,0
大通西站,7,"101.67343,36.965924",,,101.67343,36.965924
大同站,0,"113.304099,40.120730",,,113.304099,40.12073
大屯站,0,"125.164581,43.780445",,,125.164581,43.780445
大湾子站,0,"101.821533,26.001917",,,101.821533,26.001917
大旺站,35,"106.848007,23.223082",,,106.848007,23.223082
大乌苏站,0, ,,,0,0
大武口站,0,"106.399895,39.040643",,,106.399895,39.040643
大西站,0,"130.582031,45.843922",,,130.582031,45.843922
大辛庄站,0,"113.100555,36.242683",,,113.100555,36.242683
大兴站,0,"116.344583,39.680962",,,116.344583,39.680962
大兴沟站,0, ,,,0,0
大徐屯站,0,"120.324898,40.728321",,,120.324898,40.728321
大雅河站,0,"113.018028,22.772469",,,113.018028,22.772469
大雁站,0,"120.552208,49.232239",,,120.552208,49.232239
大扬气站,0,"124.199562,51.004841",,,124.199562,51.004841
大杨树站,0,"124.609253,49.748798",,,124.609253,49.748798
大杨树东站,0,"124.660316,49.712128",,,124.660316,49.712128
大冶北站,41,"115.000750,30.122354",,,115.00075,30.122354
大英东站,11,"105.279404,30.567822",,,105.279404,30.567822
大营站,0,"116.659378,40.161667",,,116.659378,40.161667
大营镇站,0,"115.735428,37.318314",,,115.735428,37.318314
大余站,0,"114.424514,25.440018",,,114.424514,25.440018
大战场站,0,"105.533836,37.431305",,,105.533836,37.431305
大杖子站,0,"118.550385,40.851341",,,118.550385,40.851341
大竹园站,0, ,,,0,0
大足南站,16,"105.745730,29.420999",,,105.74573,29.420999
代湾站,0,"103.460831,29.312017",,,103.460831,29.312017
代县站,0,"112.983957,39.076900",,,112.983957,39.0769
岱岳站,0, ,,,0,0
带岭站,0,"129.020946,47.023586",,,129.020946,47.023586
丹东站,73,"124.386026,40.123754",,,124.386026,40.123754
丹东西站,5,"124.354706,40.000499",,,124.354706,40.000499
丹凤站,0,"110.354370,33.680005",,,110.35437,33.680005
丹徒站,4,"119.520269,32.114958",,,119.520269,32.114958
丹霞山站,0, ,,,0,0
丹阳站,117,"119.592629,32.002104",,,119.592629,32.002104
丹阳北站,27,"119.671292,32.015000",,,119.671292,32.015
当涂东站,14,"118.526470,31.561131",,,118.52647,31.561131
当雄站,0, ,,,0,0
当阳站,0,"111.812220,30.847601",,,111.81222,30.847601
砀山站,0,"116.330079,34.416814",,,116.330079,34.416814
砀山南站,33,"116.303072,34.386902",,,116.303072,34.386902
刀尔登站,0,"119.122643,40.749363",,,119.122643,40.749363
到保站,3,"123.178001,45.604053",,,123.178001,45.604053
道蛘,62,"113.674927,23.004402",,,113.674927,23.004402
道劳杜站,0,"101.490448,31.593363",,,101.490448,31.593363
道清站,0,"126.288048,41.844486",,,126.288048,41.844486
道州站,0,"111.569794,25.515585",,,111.569794,25.515585
得耳布尔站,0,"121.078423,50.993248",,,121.078423,50.993248
德安站,57,"115.767369,29.309695",,,115.767369,29.309695
德保站,0, ,,,0,0
德伯斯站,0,"121.364838,46.493187",,,121.364838,46.493187
德昌站,0,"102.186531,27.395733",,,102.186531,27.395733
德惠站,0,"125.717250,44.533519",,,125.71725,44.533519
德惠西站,36,"125.677393,44.545863",,,125.677393,44.545863
德令哈站,0,"97.383729,37.315419",,,97.383729,37.315419
德清站,66,"120.060249,30.544611",,,120.060249,30.544611
德清西站,0,"119.958171,30.535254",,,119.958171,30.535254
德仁站,0,"124.935577,42.940636",,,124.935577,42.940636
德日斯图站,0,"112.945259,42.339096",,,112.945259,42.339096
德兴站,13,"117.860275,28.957908",,,117.860275,28.957908
德兴东站,2,"117.958922,29.116522",,,117.958922,29.116522
德阳站,77,"104.390024,31.166105",,,104.390024,31.166105
德州站,0,"116.288562,37.449441",,,116.288562,37.449441
德州东站,138,"116.461465,37.409545",,,116.461465,37.409545
灯塔站,0,"123.317788,41.430353",,,123.317788,41.430353
登沙河站,8,"122.068842,39.222447",,,122.068842,39.222447
邓州站,0,"112.070998,32.683058",,,112.070998,32.683058
低窝铺站,0,"97.242966,40.142712",,,97.242966,40.142712
低庄站,0,"110.715660,28.049250",,,110.71566,28.04925
滴道站,0,"130.832656,45.345981",,,130.832656,45.345981
甸心站,0,"101.718788,25.315063",,,101.718788,25.315063
垫江站,37,"107.378553,30.307247",,,107.378553,30.307247
鼎湖东站,31,"112.659835,23.213806",,,112.659835,23.213806
鼎湖山站,29,"112.586987,23.174288",,,112.586987,23.174288
定边站,0,"107.576668,37.561589",,,107.576668,37.561589
定南站,0,"115.005151,24.774885",,,115.005151,24.774885
定陶站,0,"115.595693,35.064832",,,115.595693,35.064832
定西站,0,"104.625248,35.592125",,,104.625248,35.592125
定西北站,35,"104.602773,35.615685",,,104.602773,35.615685
定襄站,0,"112.960386,38.478924",,,112.960386,38.478924
定远站,21,"117.688744,32.525436",,,117.688744,32.525436
定州站,1,"114.973125,38.529896",,,114.973125,38.529896
定州东站,39,"115.075120,38.508258",,,115.07512,38.508258
东安东站,23,"111.337262,26.377544",,,111.337262,26.377544
东边井站,0,"127.112198,47.411083",,,127.112198,47.411083
东城南站,61,"116.383452,39.868376",,,116.383452,39.868376
东大坝站,0,"117.825333,41.665043",,,117.825333,41.665043
东戴河站,2,"119.847496,40.041939",,,119.847496,40.041939
东二道河站,0, ,,,0,0
东方站,26,"108.691870,19.088237",,,108.69187,19.088237
东方红站,0,"110.038420,18.504642",,,110.03842,18.504642
东丰站,0,"125.545818,42.654436",,,125.545818,42.654436
东富站,0,"126.894310,44.366787",,,126.89431,44.366787
东港北站,15,"124.132004,39.911136",,,124.132004,39.911136
东沟门站,0,"119.079849,40.922100",,,119.079849,40.9221
东莞站,170,"113.859201,23.089194",,,113.859201,23.089194
东莞东站,0,"114.039049,22.967168",,,114.039049,22.967168
东光站,0,"116.576741,37.879439",,,116.576741,37.879439
东海站,0, ,,,0,0
东海县站,0,"118.752842,34.542309",,,118.752842,34.542309
东京城站,0,"129.224792,44.118546",,,129.224792,44.118546
东来站,0,"121.642075,43.390038",,,121.642075,43.390038
东明村站,0, ,,,0,0
东明县站,0,"115.092232,35.268604",,,115.092232,35.268604
东南营子站,0,"119.151146,42.308746",,,119.151146,42.308746
东坡站,0,"104.142654,29.999790",,,104.142654,29.99979
东升站,4,"129.330246,47.119862",,,129.330246,47.119862
东胜西站,4,"109.875557,39.72425",,,109.875557,39.72425
东台站,0,"120.344031,32.874295",,,120.344031,32.874295
东田良站,0,"112.935005,36.003181",,,112.935005,36.003181
东通化站,0,"126.044286,41.770940",,,126.044286,41.77094
东湾站,0,"104.745552,36.651337",,,104.745552,36.651337
东乡站,0,"116.625603,28.227055",,,116.625603,28.227055
东辛庄站,0,"120.453285,40.360703",,,120.453285,40.360703
东兴站,0,"107.976216,21.549697",,,107.976216,21.549697
东营站,0,"118.472306,37.455359",,,118.472306,37.455359
东营南站,0,"118.549658,37.356699",,,118.549658,37.356699
东营子站,0, ,,,0,0
东淤地站,0,"113.907021,39.263119",,,113.907021,39.263119
东元庆站,0,"112.939476,35.570473",,,112.939476,35.570473
东镇站,0,"111.312622,35.427555",,,111.312622,35.427555
东至站,0,"117.020427,30.100037",,,117.020427,30.100037
东庄站,0,"113.830231,39.266155",,,113.830231,39.266155
氡泉站,0,"127.176018,42.128147",,,127.176018,42.128147
洞井站,20,"113.012184,28.099360",,,113.012184,28.09936
洞庙河站,0,"117.694443,40.571629",,,117.694443,40.571629
都昌站,13,"116.218081,29.281634",,,116.218081,29.281634
都格站,0,"104.697777,26.358362",,,104.697777,26.358362
都江堰站,43,"103.638416,30.957077",,,103.638416,30.957077
都匀站,0,"107.515679,26.232686",,,107.515679,26.232686
都匀东站,43,"107.585638,26.165721",,,107.585638,26.165721
斗沟子站,0,"129.261337,43.941185",,,129.261337,43.941185
豆罗站,0,"112.707886,38.309910",,,112.707886,38.30991
豆庄站,0,"113.847015,36.729702",,,113.847015,36.729702
独山站,0, ,,,0,0
杜拉尔站,0,"90.297302,28.685312",,,90.297302,28.685312
渡市站,0,"107.284897,31.025824",,,107.284897,31.025824
端州站,28,"112.513711,23.110728",,,112.513711,23.110728
对青山站,0, ,,,0,0
兑镇站,0,"111.610313,37.089893",,,111.610313,37.089893
敦化站,46,"128.245796,43.379971",,,128.245796,43.379971
敦煌站,0, ,,,0,0
峨边站,0,"103.271950,29.253263",,,103.27195,29.253263
峨眉站,0,"103.522148,29.591370",,,103.522148,29.59137
峨眉山站,22,"103.466335,29.576462",,,103.466335,29.576462
额济纳站,0,"101.042450,41.892319",,,101.04245,41.892319
鄂尔多斯站,4,"109.781327,39.608266",,,109.781327,39.608266
鄂州站,54,"114.866652,30.361598",,,114.866652,30.361598
鄂州东站,2,"114.948095,30.361526",,,114.948095,30.361526
恩施站,76,"109.484826,30.348677",,,109.484826,30.348677
尔赛河站,0,"102.640587,28.397894",,,102.640587,28.397894
二岔站,0,"109.478081,34.134235",,,109.478081,34.134235
二道沟站,0,"125.624516,44.833191",,,125.624516,44.833191
二道沟门站,0, ,,,0,0
二道沙河站,0, ,,,0,0
二道湾站,0, ,,,0,0
二井站,0,"126.529327,48.357780",,,126.529327,48.35778
二连站,0,"111.986977,43.657528",,,111.986977,43.657528
二龙站,0,"119.265823,41.798828",,,119.265823,41.798828
二龙山屯站,0, ,,,0,0
二龙屯站,0,"123.147522,45.291504",,,123.147522,45.291504
二营站,0,"106.236206,36.194817",,,106.236206,36.194817
发耳站,0,"104.805046,26.311834",,,104.805046,26.311834
繁昌西站,14,"118.158967,31.072436",,,118.158967,31.072436
繁峙站,0, ,,,0,0
范家屯站,0,"125.075851,43.712952",,,125.075851,43.712952
范镇站,0,"117.402687,36.223846",,,117.402687,36.223846
防城港北站,14,"108.378028,21.714698",,,108.378028,21.714698
费县站,0,"117.979909,35.277587",,,117.979909,35.277587
分宜站,0, ,,,0,0
汾河站,0,"112.541527,37.947807",,,112.541527,37.947807
汾阳站,0,"111.789071,37.191300",,,111.789071,37.1913
丰城站,0,"115.790598,28.182409",,,115.790598,28.182409
丰城南站,0,"115.760662,28.068620",,,115.760662,28.06862
丰都站,41,"107.690347,29.845553",,,107.690347,29.845553
丰广站,0,"126.714706,44.250999",,,126.714706,44.250999
丰乐镇站,0,"130.874863,46.811092",,,130.874863,46.811092
丰水村站,0,"104.745544,36.651333",,,104.745544,36.651333
丰顺站,0,"116.190463,23.751081",,,116.190463,23.751081
丰镇站,0, ,,,0,0
风陵渡站,0,"110.312057,34.631565",,,110.312057,34.631565
风水沟站,0,"119.330620,42.405972",,,119.33062,42.405972
枫林站,10,"111.324242,27.705183",,,111.324242,27.705183
冯屯站,0,"124.130341,47.464703",,,124.130341,47.464703
凤城东站,42,"124.134343,40.464536",,,124.134343,40.464536
凤凰城站,0, ,,,0,0
凤凰机场站,14,"109.377165,27.908544",,,109.377165,27.908544
凤县站,0,"106.506893,33.905086",,,106.506893,33.905086
凤州站,0,"106.655060,33.970039",,,106.65506,33.970039
奉化站,18,"121.464604,29.628008",,,121.464604,29.628008
佛岭站,0,"130.578934,45.626671",,,130.578934,45.626671
佛坪站,24,"107.984263,33.501048",,,107.984263,33.501048
佛山站,0,"113.103892,23.047819",,,113.103892,23.047819
佛山西站,188,"113.036091,23.078470",,,113.036091,23.07847
扶绥站,0,"107.918983,22.628428",,,107.918983,22.628428
扶余站,0,"126.025492,44.987217",,,126.025492,44.987217
扶余北站,35,"126.003317,45.007613",,,126.003317,45.007613
芙蓉南站,21,"112.996414,28.051598",,,112.996414,28.051598
浮图峪站,0,"114.832977,39.366749",,,114.832977,39.366749
涪陵站,0,"107.333876,29.699743",,,107.333876,29.699743
涪陵北站,46,"107.277532,29.770426",,,107.277532,29.770426
福安站,24,"119.717283,26.834119",,,119.717283,26.834119
福鼎站,46,"120.189238,27.282435",,,120.189238,27.282435
福海站,0, ,,,0,0
福巨站,0,"121.887939,43.642139",,,121.887939,43.642139
福利屯站,0,"131.134445,46.722446",,,131.134445,46.722446
福临堡站,0,"107.096420,34.383896",,,107.09642,34.383896
福清站,67,"119.385020,25.675652",,,119.38502,25.675652
福泉站,0,"107.536589,26.624959",,,107.536589,26.624959
福山口站,0, ,,,0,0
福山镇站,4,"109.918511,19.876181",,,109.918511,19.876181
福生庄站,0,"112.462662,40.967979",,,112.462662,40.967979
福田站,85,"114.057293,22.538227",,,114.057293,22.538227
福兴地站,0,"120.191818,43.751278",,,120.191818,43.751278
福州站,192,"119.320518,26.114050",,,119.320518,26.11405
福州南站,146,"119.390021,25.985780",,,119.390021,25.98578
抚宁站,0,"119.249165,39.893966",,,119.249165,39.893966
抚顺北站,0,"123.917987,41.888691",,,123.917987,41.888691
抚远站,0,"134.287410,48.357511",,,134.28741,48.357511
抚州站,61,"116.364891,27.987255",,,116.364891,27.987255
抚州东站,34,"116.616912,28.260400",,,116.616912,28.2604
阜南站,0,"115.588224,32.633561",,,115.588224,32.633561
阜宁站,0,"119.806595,33.786642",,,119.806595,33.786642
阜新南站,0,"121.554456,41.963006",,,121.554456,41.963006
阜阳站,0,"115.866987,32.914545",,,115.866987,32.914545
复盛站,4,"106.798080,29.653971",,,106.79808,29.653971
富川站,0, ,,,0,0
富海站,0,"124.864708,47.866817",,,124.864708,47.866817
富锦站,0, ,,,0,0
富拉尔基站,0,"123.646009,47.210728",,,123.646009,47.210728
富宁站,30,"105.627131,23.623764",,,105.627131,23.623764
富县东站,4,"109.398713,36.021252",,,109.398713,36.021252
富裕站,0,"124.459967,47.797060",,,124.459967,47.79706
富源站,0,"104.269605,25.681682",,,104.269605,25.681682
富源北站,14,"104.270141,25.712330",,,104.270141,25.71233
嘎拉德斯汰站,0,"117.749695,43.470634",,,117.749695,43.470634
嘎什甸子站,0,"121.364098,43.317299",,,121.364098,43.317299
嘎什吐站,0,"120.853821,43.090279",,,120.853821,43.090279
盖州站,0,"122.333700,40.419377",,,122.3337,40.419377
盖州西站,30,"122.273784,40.404792",,,122.273784,40.404792
甘草店站,0,"104.297089,35.800171",,,104.297089,35.800171
甘谷站,0,"105.332319,34.762560",,,105.332319,34.76256
甘河站,0,"123.059044,50.629314",,,123.059044,50.629314
甘洛站,0,"102.762295,28.978310",,,102.762295,28.97831
甘旗卡站,0,"122.355888,42.958878",,,122.355888,42.958878
甘泉北站,2,"109.346840,36.278156",,,109.34684,36.278156
赶水东站,22,"106.720978,28.739864",,,106.720978,28.739864
干塘站,0,"104.519493,37.465488",,,104.519493,37.465488
赣州站,18,"114.964289,25.818832",,,114.964289,25.818832
刚察站,0, ,,,0,0
皋兰站,0,"103.943409,36.337043",,,103.943409,36.337043
高安站,37,"115.411870,28.227651",,,115.41187,28.227651
高碑店站,0,"115.858491,39.328692",,,115.858491,39.328692
高碑店东站,40,"115.946400,39.288600",,,115.9464,39.2886
高村站,0,"112.692596,38.168598",,,112.692596,38.168598
高各庄站,0,"116.624878,40.258953",,,116.624878,40.258953
高家村站,0,"109.797241,40.981216",,,109.797241,40.981216
高林屯站,0,"122.554802,43.862839",,,122.554802,43.862839
高密站,41,"119.769415,36.393217",,,119.769415,36.393217
高平站,0,"112.918781,35.800971",,,112.918781,35.800971
高桥镇站,0,"121.005669,40.898262",,,121.005669,40.898262
高山子站,0,"122.058289,41.555103",,,122.058289,41.555103
高台站,0, ,,,0,0
高台南站,7,"99.769366,39.294983",,,99.769366,39.294983
高台子站,0, ,,,0,0
高滩站,0,"108.328125,32.414612",,,108.328125,32.414612
高头站,0,"124.078743,47.420074",,,124.078743,47.420074
高邑站,0,"114.597606,37.605102",,,114.597606,37.605102
高邑西站,31,"114.531152,37.629509",,,114.531152,37.629509
高州站,0,"110.854759,21.912144",,,110.854759,21.912144
藁城站,0,"114.832699,38.027504",,,114.832699,38.027504
藁城南站,8,"114.831646,38.022685",,,114.831646,38.022685
鸽子洞站,0,"120.209557,40.771042",,,120.209557,40.771042
革居站,0,"104.734451,25.169250",,,104.734451,25.16925
格尔木站,0,"94.906884,36.382448",,,94.906884,36.382448
葛店南站,21,"115.019730,33.756130",,,115.01973,33.75613
葛根庙站,4,"122.285934,45.907917",,,122.285934,45.907917
根河站,0, ,,,0,0
公积坂站,0,"110.366920,40.558571",,,110.36692,40.558571
公庙子站,0,"108.964462,40.624729",,,108.964462,40.624729
公营子站,0,"119.849792,41.356609",,,119.849792,41.356609
公主岭站,0,"124.811975,43.508737",,,124.811975,43.508737
公主岭南站,26,"124.815828,43.472846",,,124.815828,43.472846
恭城站,43,"110.870041,24.830500",,,110.870041,24.8305
巩义站,0,"112.981521,34.760217",,,112.981521,34.760217
巩义南站,17,"112.916478,34.670834",,,112.916478,34.670834
共和站,0,"100.620031,36.284107",,,100.620031,36.284107
共青城站,42,"115.774931,29.241889",,,115.774931,29.241889
沟帮子站,0,"121.774864,41.361858",,,121.774864,41.361858
沟口站,0,"122.026505,48.680138",,,122.026505,48.680138
孤山站,0,"113.330971,40.226002",,,113.330971,40.226002
孤山口站,0,"115.843864,39.649460",,,115.843864,39.64946
孤山子站,0,"122.976570,40.594013",,,122.97657,40.594013
姑家堡站,0,"112.624352,40.919857",,,112.624352,40.919857
菇园站,0,"126.250946,41.810474",,,126.250946,41.810474
古城站,0, ,,,0,0
古城镇站,0, ,,,0,0
古城子站,0, ,,,0,0
古东站,0,"112.231056,37.921143",,,112.231056,37.921143
古交站,0, ,,,0,0
古浪站,0,"102.917671,37.480039",,,102.917671,37.480039
古莲站,0,"122.353226,52.948273",,,122.353226,52.948273
古田站,0, ,,,0,0
古田北站,40,"118.665044,26.462448",,,118.665044,26.462448
古田会址站,16,"116.772577,25.184158",,,116.772577,25.184158
古冶站,0,"118.418066,39.722323",,,118.418066,39.722323
古源站,0,"124.316208,50.933418",,,124.316208,50.933418
古镇站,40,"113.205681,22.598278",,,113.205681,22.598278
谷城站,8,"111.602395,32.264809",,,111.602395,32.264809
谷山站,28,"117.248833,35.259720",,,117.248833,35.25972
固始站,0,"115.671949,32.181340",,,115.671949,32.18134
固原站,0,"106.305460,36.020871",,,106.30546,36.020871
固镇站,0,"117.306061,33.315762",,,117.306061,33.315762
瓜州站,0,"95.777879,40.516386",,,95.777879,40.516386
关村坝站,0,"103.024872,29.287416",,,103.024872,29.287416
关林站,0,"112.512993,34.634155",,,112.512993,34.634155
关岭站,20,"103.290054,25.377794",,,103.290054,25.377794
观沙岭站,36,"93.815186,29.995527",,,93.815186,29.995527
官高站,0,"116.314018,40.226044",,,116.314018,40.226044
官厅站,0,"115.589867,40.252174",,,115.589867,40.252174
官厅西站,0,"115.585236,40.253803",,,115.585236,40.253803
冠豸山站,18,"116.679176,25.524038",,,116.679176,25.524038
灌水站,0,"124.566353,40.862251",,,124.566353,40.862251
光明站,0,"124.635056,48.279724",,,124.635056,48.279724
光明城站,26,"113.953911,22.733006",,,113.953911,22.733006
光山站,0,"114.887864,32.062941",,,114.887864,32.062941
光泽站,0,"117.351580,27.550254",,,117.35158,27.550254
广安站,0,"106.628760,30.457588",,,106.62876,30.457588
广安南站,11,"106.592707,30.451763",,,106.592707,30.451763
广德站,0,"119.409267,30.912176",,,119.409267,30.912176
广德号站,0, ,,,0,0
广汉北站,21,"104.275792,31.009127",,,104.275792,31.009127
广南卫站,0, ,,,0,0
广南县站,27,"105.054981,24.045941",,,105.054981,24.045941
广宁站,26,"112.426086,23.585314",,,112.426086,23.585314
广宁寺站,2,"121.847839,39.178753",,,121.847839,39.178753
广水站,0, ,,,0,0
广通北站,0,"101.765198,25.164440",,,101.765198,25.16444
广元站,98,"105.821217,32.450353",,,105.821217,32.450353
广州站,61,"113.257633,23.148876",,,113.257633,23.148876
广州北站,29,"113.204561,23.376960",,,113.204561,23.37696
广州东站,170,"113.324710,23.149617",,,113.32471,23.149617
广州南站,748,"113.269462,22.988878",,,113.269462,22.988878
归流河站,0,"121.739143,46.205879",,,121.739143,46.205879
贵定站,0,"107.228134,26.581417",,,107.228134,26.581417
贵定北站,22,"107.232445,26.593207",,,107.232445,26.593207
贵定南站,0,"107.189956,26.346470",,,107.189956,26.34647
贵定县站,14,"107.232889,26.557071",,,107.232889,26.557071
贵港站,97,"109.612982,23.100792",,,109.612982,23.100792
贵溪站,0,"117.215278,28.289245",,,117.215278,28.289245
贵阳站,1,"106.702406,26.556865",,,106.702406,26.556865
贵阳北站,179,"106.674231,26.619282",,,106.674231,26.619282
贵阳东站,60,"106.734977,26.545503",,,106.734977,26.545503
桂林站,92,"110.282539,25.261227",,,110.282539,25.261227
桂林北站,88,"110.301969,25.329235",,,110.301969,25.329235
桂林西站,62,"110.267176,25.354620",,,110.267176,25.35462
桂平站,52,"110.247555,23.349688",,,110.247555,23.349688
郭尔奔敖包站,0,"112.473625,43.059589",,,112.473625,43.059589
郭家店站,0,"124.577423,43.342163",,,124.577423,43.342163
郭家屯站,0,"120.540024,40.743999",,,120.540024,40.743999
虢镇站,0,"107.363556,34.363224",,,107.363556,34.363224
果松站,0,"126.255707,41.598877",,,126.255707,41.598877
哈达站,0,"121.518967,50.680447",,,121.518967,50.680447
哈达铺站,0,"131.132980,45.345863",,,131.13298,45.345863
哈达阳站,0,"125.216667,49.302135",,,125.216667,49.302135
哈尔巴岭站,0,"128.634659,43.267933",,,128.634659,43.267933
哈尔滨站,64,"126.630806,45.760082",,,126.630806,45.760082
哈尔滨北站,31,"126.536296,45.850814",,,126.536296,45.850814
哈尔滨东站,0,"126.713297,45.786458",,,126.713297,45.786458
哈尔滨西站,102,"126.576958,45.707321",,,126.576958,45.707321
哈尔盖站,0,"100.416786,37.183155",,,100.416786,37.183155
哈克站,0,"120.083015,49.191772",,,120.083015,49.191772
哈拉海站,2,"125.088791,44.675011",,,125.088791,44.675011
哈拉苏站,0,"122.428429,48.116505",,,122.428429,48.116505
哈力图站,0,"125.179337,49.390137",,,125.179337,49.390137
哈密站,20,"93.506004,42.850981",,,93.506004,42.850981
哈日努拉站,0,"120.069771,45.627460",,,120.069771,45.62746
哈业胡同站,0,"109.448929,40.624924",,,109.448929,40.624924
海安县站,26,"120.503840,32.547582",,,120.50384,32.547582
海北站,0, ,,,0,0
海城站,0,"122.742616,40.863238",,,122.742616,40.863238
海城西站,36,"122.659185,40.914429",,,122.659185,40.914429
海东西站,8,"102.055562,36.509439",,,102.055562,36.509439
海口站,24,"110.162554,20.027465",,,110.162554,20.027465
海口东站,76,"110.343103,19.983627",,,110.343103,19.983627
海口东站,8,"110.343103,19.983627",,,110.343103,19.983627
海拉尔站,0,"119.743994,49.230278",,,119.743994,49.230278
海林站,0,"129.387840,44.567399",,,129.38784,44.567399
海伦站,0,"126.994068,47.467186",,,126.994068,47.467186
海宁站,0,"120.685570,30.533541",,,120.68557,30.533541
海宁西站,54,"120.391539,30.438944",,,120.391539,30.438944
海石湾站,0,"102.865044,36.340446",,,102.865044,36.340446
海晏站,0, ,,,0,0
海阳站,0,"120.997572,37.080700",,,120.997572,37.0807
海阳北站,20,"120.960428,37.068999",,,120.960428,37.068999
邯郸站,0,"114.476565,36.603075",,,114.476565,36.603075
邯郸东站,107,"114.558896,36.619724",,,114.558896,36.619724
涵江站,33,"119.176016,25.491864",,,119.176016,25.491864
韩城站,0,"110.442311,35.484431",,,110.442311,35.484431
韩府湾站,0,"106.143440,36.570175",,,106.14344,36.570175
韩麻营站,0,"117.840538,41.276867",,,117.840538,41.276867
寒葱沟站,0,"134.157761,47.971668",,,134.157761,47.971668
寒岭站,0,"123.565369,41.187130",,,123.565369,41.18713
罕达盖站,0,"118.820488,47.848164",,,118.820488,47.848164
汉川站,42,"113.830910,30.673488",,,113.83091,30.673488
汉口站,243,"114.255470,30.617849",,,114.25547,30.617849
汉寿站,9,"111.947275,28.769653",,,111.947275,28.769653
汉阴站,0,"108.506579,32.877081",,,108.506579,32.877081
汉源站,0,"102.645453,29.347187",,,102.645453,29.347187
汉中站,110,"107.030178,33.090159",,,107.030178,33.090159
杭锦旗站,0,"107.035898,40.269884",,,107.035898,40.269884
杭州站,25,"120.182520,30.243753",,,120.18252,30.243753
杭州东站,478,"120.213041,30.291089",,,120.213041,30.291089
好鲁库站,0,"116.803253,42.991283",,,116.803253,42.991283
浩良河站,0,"129.635239,46.727444",,,129.635239,46.727444
合川站,37,"106.277640,29.959782",,,106.27764,29.959782
合肥站,24,"117.316680,31.884784",,,117.31668,31.884784
合肥北城站,2,"117.252680,32.063449",,,117.25268,32.063449
合肥南站,256,"117.290854,31.799213",,,117.290854,31.799213
合浦站,33,"109.187537,21.622537",,,109.187537,21.622537
合阳北站,0,"110.090590,35.289172",,,110.09059,35.289172
和龙站,0, ,,,0,0
和平站,0,"114.969293,24.457724",,,114.969293,24.457724
和什托洛盖站,0,"86.273964,46.407043",,,86.273964,46.407043
和硕站,0, ,,,0,0
和田站,0,"79.906612,37.158490",,,79.906612,37.15849
河边站,0,"113.100822,38.600380",,,113.100822,38.60038
河唇站,0,"110.301842,21.696329",,,110.301842,21.696329
河津站,0,"110.725643,35.587521",,,110.725643,35.587521
河口北站,0,"118.545415,37.851043",,,118.545415,37.851043
河口南站,0,"118.545415,37.851043",,,118.545415,37.851043
河洛营站,0,"117.736351,41.380901",,,117.736351,41.380901
河源站,0,"114.683477,23.759392",,,114.683477,23.759392
荷塘站,17,"113.593774,26.607554",,,113.593774,26.607554
菏泽站,0,"115.505415,35.230865",,,115.505415,35.230865
贺家店站,0,"104.834480,34.754097",,,104.83448,34.754097
贺胜桥东站,6,"114.371827,30.019488",,,114.371827,30.019488
贺州站,91,"111.539113,24.455097",,,111.539113,24.455097
赫尔洪得站,0,"118.466499,49.201870",,,118.466499,49.20187
鹤北站,0,"130.469910,47.541386",,,130.46991,47.541386
鹤壁站,0,"114.274168,35.759867",,,114.274168,35.759867
鹤壁东站,60,"114.298955,35.706592",,,114.298955,35.706592
鹤岗站,0,"130.284615,47.340419",,,130.284615,47.340419
鹤立站,0,"130.292038,47.052830",,,130.292038,47.05283
鹤庆站,0,"100.215855,26.555682",,,100.215855,26.555682
鹤山站,0,"112.919835,22.725930",,,112.919835,22.72593
黑冲滩站,0,"96.767090,40.490284",,,96.76709,40.490284
黑河站,0,"127.500733,50.233599",,,127.500733,50.233599
黑井站,0,"101.742104,25.347868",,,101.742104,25.347868
黑水站,0, ,,,0,0
黑台站,0,"131.623856,45.410336",,,131.623856,45.410336
黑旺站,0,"118.208862,36.630863",,,118.208862,36.630863
恒地营站,0,"124.970222,48.567493",,,124.970222,48.567493
横道河子站,0,"129.074936,44.814274",,,129.074936,44.814274
横峰站,0,"117.602098,28.413920",,,117.602098,28.41392
横沟桥东站,8,"114.373508,29.933976",,,114.373508,29.933976
衡山站,0, ,,,0,0
衡山西站,29,"112.789406,27.247774",,,112.789406,27.247774
衡水站,0,"115.690874,37.744054",,,115.690874,37.744054
衡水北站,18,"115.674857,37.772959",,,115.674857,37.772959
衡阳站,0,"112.630915,26.889838",,,112.630915,26.889838
衡阳东站,181,"112.709676,26.896446",,,112.709676,26.896446
红安西站,50,"114.630979,31.003919",,,114.630979,31.003919
红峰站,0,"102.621475,28.282686",,,102.621475,28.282686
红光镇站,14,"103.944214,30.771435",,,103.944214,30.771435
红果站,0,"104.463936,25.714804",,,104.463936,25.714804
红花沟站,0,"118.635002,42.244686",,,118.635002,42.244686
红江站,0,"101.866096,25.905005",,,101.866096,25.905005
红旗营站,0, ,,,0,0
红砂坝站,0,"113.212265,40.683178",,,113.212265,40.683178
红砂岘站,0,"104.063972,36.607929",,,104.063972,36.607929
红山站,0,"118.994971,42.307989",,,118.994971,42.307989
红寺堡站,0,"106.062114,37.425702",,,106.062114,37.425702
红岘台站,0,"104.834488,34.754101",,,104.834488,34.754101
红星站,0, ,,,0,0
红兴隆站,0, ,,,0,0
红彦站,0,"124.982147,49.513683",,,124.982147,49.513683
宏庆站,0,"106.426941,33.848644",,,106.426941,33.848644
宏图站,0,"124.159378,51.610619",,,124.159378,51.610619
洪洞站,0,"111.671618,36.262255",,,111.671618,36.262255
洪洞西站,34,"111.581284,36.253573",,,111.581284,36.253573
洪河站,0,"125.490952,45.983772",,,125.490952,45.983772
侯马站,0,"111.358709,35.612701",,,111.358709,35.612701
侯马西站,50,"111.288167,35.601635",,,111.288167,35.601635
猴山站,0,"117.029488,40.815498",,,117.029488,40.815498
后湖站,1,"114.136337,30.307278",,,114.136337,30.307278
后寨站,0,"113.009163,35.281914",,,113.009163,35.281914
门站,29,"115.125282,22.812586",,,115.125282,22.812586
呼和浩特站,24,"111.665748,40.831174",,,111.665748,40.831174
呼和浩特东站,32,"111.765688,40.850196",,,111.765688,40.850196
呼兰站,0,"126.645194,45.998302",,,126.645194,45.998302
呼鲁斯太站,0,"103.342575,37.642456",,,103.342575,37.642456
呼源站,0,"123.578079,51.733208",,,123.578079,51.733208
呼中站,0, ,,,0,0
葫芦岛站,0,"120.868060,40.754199",,,120.86806,40.754199
葫芦岛北站,55,"120.763580,40.743347",,,120.76358,40.743347
湖口站,8,"116.284869,29.729107",,,116.284869,29.729107
湖州站,146,"120.024222,30.862099",,,120.024222,30.862099
虎尔虎拉站,0,"123.550972,47.247787",,,123.550972,47.247787
虎林站,0,"132.977021,45.765672",,,132.977021,45.765672
虎门站,130,"113.673065,22.860954",,,113.673065,22.860954
虎山站,0,"130.630096,45.575096",,,130.630096,45.575096
互助站,0,"102.550651,36.297556",,,102.550651,36.297556
邑站,30,"108.679403,34.079854",,,108.679403,34.079854
花湖站,4,"115.022331,30.261181",,,115.022331,30.261181
花家庄站,0,"104.482857,25.784878",,,104.482857,25.784878
花棚子站,0,"101.913330,26.257967",,,101.91333,26.257967
花桥站,2,"121.045242,31.335533",,,121.045242,31.335533
花山南站,3,"114.512929,30.52827",,,114.512929,30.52827
花园站,0,"113.978546,31.242527",,,113.978546,31.242527
花园口站,6,"113.720757,34.878941",,,113.720757,34.878941
华城站,0,"115.625168,24.070890",,,115.625168,24.07089
华家站,2,"125.146416,44.292267",,,125.146416,44.292267
华容东站,9,"112.626291,29.554242",,,112.626291,29.554242
华容南站,3,"114.774279,30.446792",,,114.774279,30.446792
华山站,0,"128.943420,45.138130",,,128.94342,45.13813
华山北站,81,"110.099098,34.581432",,,110.099098,34.581432
华蓥站,0,"106.783088,30.390435",,,106.783088,30.390435
化德站,0,"114.038732,41.896973",,,114.038732,41.896973
化州站,0,"110.651665,21.653164",,,110.651665,21.653164
桦林站,0,"129.675171,44.677956",,,129.675171,44.677956
桦南站,0,"130.583341,46.244156",,,130.583341,46.244156
桦皮厂站,0,"126.231895,43.996647",,,126.231895,43.996647
怀化站,0,"109.967147,27.558320",,,109.967147,27.55832
怀化南站,112,"109.992897,27.512446",,,109.992897,27.512446
怀集站,32,"112.159454,23.892349",,,112.159454,23.892349
怀仁站,0,"113.094418,39.827866",,,113.094418,39.827866
怀仁东站,0,"113.163149,39.793147",,,113.163149,39.793147
怀柔站,0,"116.648797,40.317243",,,116.648797,40.317243
怀柔北站,0,"116.692473,40.409117",,,116.692473,40.409117
淮安站,0,"119.033080,33.648829",,,119.03308,33.648829
淮北站,12,"116.803776,33.966925",,,116.803776,33.966925
淮北北站,6,"116.85073,34.046844",,,116.85073,34.046844
淮滨站,0,"115.358214,32.441248",,,115.358214,32.441248
淮南站,0,"117.019460,32.631160",,,117.01946,32.63116
淮南东站,50,"117.150048,32.646217",,,117.150048,32.646217
槐荫站,2,"113.96519,30.896259",,,113.96519,30.896259
桓龙湖站,0,"116.756299,23.365528",,,116.756299,23.365528
换新天站,0,"133.063538,47.362389",,,133.063538,47.362389
荒沟西站,0,"128.371902,42.554802",,,128.371902,42.554802
黄柏站,0,"126.341232,41.337578",,,126.341232,41.337578
黄村站,0,"113.408920,23.130243",,,113.40892,23.130243
黄冈站,22,"114.943815,30.485798",,,114.943815,30.485798
黄冈东站,36,"114.985024,30.507420",,,114.985024,30.50742
黄冈西站,20,"114.887767,30.503880",,,114.887767,30.50388
黄瓜园站,0,"101.863556,25.823687",,,101.863556,25.823687
黄河景区站,10,"123.419464,41.825027",,,123.419464,41.825027
黄花筒站,0,"120.965317,43.154667",,,120.965317,43.154667
黄家店站,0,"118.205551,41.968479",,,118.205551,41.968479
黄口站,0,"116.697624,34.359993",,,116.697624,34.359993
黄陵站,0,"109.229834,35.575522",,,109.229834,35.575522
黄陵南站,4,"109.262961,35.579428",,,109.262961,35.579428
黄流站,16,"108.797188,18.540262",,,108.797188,18.540262
黄梅站,0,"115.942658,30.093794",,,115.942658,30.093794
黄泥河站,0,"128.017365,43.555443",,,128.017365,43.555443
黄泥崴子站,0,"107.005890,31.107576",,,107.00589,31.107576
黄山站,0,"118.322302,29.722354",,,118.322302,29.722354
黄山北站,62,"118.272306,29.815252",,,118.272306,29.815252
黄石站,0,"115.086585,30.218124",,,115.086585,30.218124
黄石北站,55,"115.008108,30.211442",,,115.008108,30.211442
黄松甸站,0,"127.727875,43.641914",,,127.727875,43.641914
黄羊滩站,0,"106.018806,38.259693",,,106.018806,38.259693
黄羊湾站,0,"105.525452,37.511974",,,105.525452,37.511974
黄羊镇站,0,"103.167290,36.190327",,,103.16729,36.190327
黄州站,0,"115.005062,30.585936",,,115.005062,30.585936
湟源站,0,"101.242862,36.692932",,,101.242862,36.692932
潢川站,0, ,,,0,0
珲春站,26,"130.403009,42.902025",,,130.403009,42.902025
辉河站,0,"119.267265,48.834457",,,119.267265,48.834457
徽县站,0,"106.201106,33.700075",,,106.201106,33.700075
汇流河站,0,"120.830963,49.291607",,,120.830963,49.291607
会昌北站,6,"115.785208,25.826862",,,115.785208,25.826862
会同站,0,"109.716857,26.871616",,,109.716857,26.871616
惠安站,23,"118.714828,25.057271",,,118.714828,25.057271
惠东站,29,"114.793969,22.844593",,,114.793969,22.844593
惠环站,46,"114.561661,23.125044",,,114.561661,23.125044
惠农站,0,"106.727329,39.262196",,,106.727329,39.262196
惠山站,22,"120.201262,31.670014",,,120.201262,31.670014
惠州站,0,"114.416410,23.151530",,,114.41641,23.15153
惠州南站,121,"114.492152,22.784778",,,114.492152,22.784778
火炬沟站,0,"128.026367,42.494713",,,128.026367,42.494713
获嘉站,0,"113.649127,35.255905",,,113.649127,35.255905
霍城站,0,"80.732246,44.189066",,,80.732246,44.189066
霍尔果斯站,0,"80.418540,44.203946",,,80.41854,44.203946
霍林郭勒站,0,"119.669573,45.534773",,,119.669573,45.534773
霍邱站,0, ,,,0,0
霍州站,0,"111.719685,36.585907",,,111.719685,36.585907
霍州东站,37,"111.836529,36.564927",,,111.836529,36.564927
芨岭站,0,"101.788269,38.530952",,,101.788269,38.530952
鸡东站,0,"131.151750,45.252549",,,131.15175,45.252549
鸡西站,0,"130.978064,45.304556",,,130.978064,45.304556
吉安站,0,"115.021083,27.105257",,,115.021083,27.105257
吉林站,127,"126.578164,43.859146",,,126.578164,43.859146
吉林西站,0, ,,,0,0
吉首站,0,"109.735476,28.324112",,,109.735476,28.324112
吉舒站,0,"126.802551,44.288155",,,126.802551,44.288155
吉文站,0,"123.209770,50.589146",,,123.20977,50.589146
吉新河站,0, ,,,0,0
即墨北站,31,"120.394264,36.403793",,,120.394264,36.403793
集安站,0,"126.204853,41.136103",,,126.204853,41.136103
集宁南站,6,"113.099700,41.030871",,,113.0997,41.030871
纪家沟站,0,"118.133644,41.929340",,,118.133644,41.92934
济南站,118,"116.991734,36.670651",,,116.991734,36.670651
济南东站,0,"117.026510,36.681242",,,117.02651,36.681242
济南西站,273,"116.892552,36.669033",,,116.892552,36.669033
济宁站,0,"116.601013,35.392719",,,116.601013,35.392719
济源站,0,"112.574105,35.110157",,,112.574105,35.110157
绩溪北站,32,"118.572286,30.070587",,,118.572286,30.070587
绩溪县站,0,"118.583806,30.055659",,,118.583806,30.055659
蓟州站,0, ,,,0,0
稷山站,0, ,,,0,0
加格达奇站,0,"124.126246,50.420783",,,124.126246,50.420783
加南站,0,"107.940926,24.191147",,,107.940926,24.191147
佳木斯站,0,"130.383219,46.804781",,,130.383219,46.804781
嘉善站,0,"120.918199,30.850199",,,120.918199,30.850199
嘉善南站,57,"120.935691,30.787908",,,120.935691,30.787908
嘉祥站,0,"116.358485,35.392576",,,116.358485,35.392576
嘉兴站,0,"120.763317,30.764482",,,120.763317,30.764482
嘉兴南站,186,"120.799780,30.690965",,,120.79978,30.690965
嘉峪关站,0,"98.254166,39.764430",,,98.254166,39.76443
嘉峪关南站,28,"98.310337,39.718095",,,98.310337,39.718095
甲山站,0,"118.264915,40.788727",,,118.264915,40.788727
尖峰站,5,"116.483398,26.747997",,,116.483398,26.747997
尖山站,29,"131.158416,46.646350",,,131.158416,46.64635
简阳站,0,"104.553051,30.379156",,,104.553051,30.379156
简阳南站,16,"104.518059,30.353654",,,104.518059,30.353654
碱柜站,0,"106.761833,39.940903",,,106.761833,39.940903
建安站,0,"118.362595,27.068186",,,118.362595,27.068186
建昌站,0,"119.823295,40.806615",,,119.823295,40.806615
建宁县北站,41,"116.870963,26.915720",,,116.870963,26.91572
建瓯站,0,"118.294685,27.024099",,,118.294685,27.024099
建瓯西站,46,"118.279929,27.048530",,,118.279929,27.04853
建三江站,0, ,,,0,0
建始站,38,"109.728324,30.567821",,,109.728324,30.567821
建水站,0,"102.872488,23.658107",,,102.872488,23.658107
建阳站,0,"118.113396,27.353939",,,118.113396,27.353939
剑门关站,24,"116.037437,23.600676",,,116.037437,23.600676
江都站,6,"119.577788,32.458590",,,119.577788,32.45859
江华站,0,"111.555433,25.180138",,,111.555433,25.180138
江门东站,40,"113.094942,22.590431",,,113.094942,22.590431
江密峰站,0,"126.751633,43.964748",,,126.751633,43.964748
江宁站,20,"118.898636,31.935474",,,118.898636,31.935474
江宁西站,9,"118.595728,31.823461",,,118.595728,31.823461
江桥站,0,"123.684319,46.771297",,,123.684319,46.771297
江山站,51,"118.643701,28.771946",,,118.643701,28.771946
江所田站,0,"104.479713,24.970690",,,104.479713,24.97069
江永站,0, ,,,0,0
江油站,44,"104.770434,31.781457",,,104.770434,31.781457
江油北站,11,"105.076464,31.982591",,,105.076464,31.982591
江源站,0, ,,,0,0
将乐站,38,"117.479109,26.695725",,,117.479109,26.695725
姜家站,0,"118.664497,29.484289",,,118.664497,29.484289
姜堰站,10,"120.118497,32.534654",,,120.118497,32.534654
交城站,0,"112.155174,37.557474",,,112.155174,37.557474
胶州站,0,"119.999637,36.297827",,,119.999637,36.297827
蛟河站,0,"127.351763,43.725445",,,127.351763,43.725445
蛟河西站,37,"127.300227,43.729296",,,127.300227,43.729296
焦作站,28,"113.234918,35.221880",,,113.234918,35.22188
角美站,18,"117.916252,24.534664",,,117.916252,24.534664
揭阳站,0,"116.369893,23.570387",,,116.369893,23.570387
介休站,0,"111.919165,37.018084",,,111.919165,37.018084
介休东站,31,"111.988097,37.052938",,,111.988097,37.052938
界首市站,0,"115.374564,33.257013",,,115.374564,33.257013
金宝屯站,0,"123.577812,43.383064",,,123.577812,43.383064
金昌站,0,"102.064147,38.371429",,,102.064147,38.371429
金城江站,0,"108.065660,24.699220",,,108.06566,24.69922
金沟屯站,0,"117.517105,41.059803",,,117.517105,41.059803
金河站,0,"121.500816,51.337540",,,121.500816,51.33754
金华站,156,"119.635526,29.110163",,,119.635526,29.110163
金华南站,60,"119.738689,29.114217",,,119.738689,29.114217
金家店站,0,"126.883812,42.355740",,,126.883812,42.35574
金口河站,0,"103.115409,29.299779",,,103.115409,29.299779
金林站,0,"121.276146,51.144344",,,121.276146,51.144344
金山北站,42,"121.089579,30.894218",,,121.089579,30.894218
金山屯站,0,"129.423389,47.423295",,,129.423389,47.423295
金山卫站,145,"121.362685,30.728230",,,121.362685,30.72823
金山园区站,70,"121.367450,30.829967",,,121.36745,30.829967
金银潭站,4,"106.301025,26.399189",,,106.301025,26.399189
金月湾站,10,"115.027939,30.043133",,,115.027939,30.043133
金寨站,59,"115.975720,31.625681",,,115.97572,31.625681
金杖子站,0,"119.504990,40.885395",,,119.50499,40.885395
金州站,18,"121.727277,39.087947",,,121.727277,39.087947
锦和站,0,"109.938751,27.733021",,,109.938751,27.733021
锦河站,0,"127.414482,50.137039",,,127.414482,50.137039
锦界站,0,"110.155312,38.723606",,,110.155312,38.723606
锦州站,0,"121.141233,41.124650",,,121.141233,41.12465
锦州南站,66,"121.124772,41.016494",,,121.124772,41.016494
进贤站,0,"116.246156,28.354486",,,116.246156,28.354486
进贤南站,35,"116.234785,28.338205",,,116.234785,28.338205
劲松站,0,"116.450668,39.882648",,,116.450668,39.882648
晋城站,0,"112.873339,35.475619",,,112.873339,35.475619
晋城北站,0,"112.905060,35.509255",,,112.90506,35.509255
晋江站,62,"118.459320,24.794300",,,118.45932,24.7943
晋中站,23,"112.642638,37.686428",,,112.642638,37.686428
晋州站,0,"115.032139,38.021024",,,115.032139,38.021024
缙云站,0,"120.095455,28.660748",,,120.095455,28.660748
缙云西站,62,"120.056510,28.677227",,,120.05651,28.677227
京山站,0,"113.136728,31.036691",,,113.136728,31.036691
泾川站,0,"107.365969,35.348055",,,107.365969,35.348055
泾县站,28,"118.419864,30.688578",,,118.419864,30.688578
经棚站,0,"117.537674,43.273048",,,117.537674,43.273048
荆门站,0,"112.211882,31.050740",,,112.211882,31.05074
荆州站,138,"112.213126,30.369712",,,112.213126,30.369712
旌德站,24,"118.529820,30.292348",,,118.52982,30.292348
精河南站,0,"82.920586,44.606073",,,82.920586,44.606073
井店站,0,"113.722412,36.604771",,,113.722412,36.604771
井冈山站,0,"114.297576,26.727922",,,114.297576,26.727922
井陉站,0,"114.136972,38.034818",,,114.136972,38.034818
井南站,0,"120.300720,33.253048",,,120.30072,33.253048
景德镇站,0,"117.221617,29.285310",,,117.221617,29.28531
景德镇北站,18,"117.242061,29.338732",,,117.242061,29.338732
景泰站,0, ,,,0,0
景州站,6,"116.272995,37.691872",,,116.272995,37.691872
靖边站,0,"108.821102,37.658902",,,108.821102,37.658902
靖西站,0,"106.391054,23.147446",,,106.391054,23.147446
靖远站,0,"104.674313,36.550622",,,104.674313,36.550622
靖远西站,0, ,,,0,0
靖州站,0, ,,,0,0
静海站,0,"116.929877,38.932666",,,116.929877,38.932666
镜铁山站,0, ,,,0,0
九江站,48,"116.005962,29.704792",,,116.005962,29.704792
九郎山站,13,"108.230400,24.075603",,,108.2304,24.075603
九龙站,0, ,,,0,0
九三站,0,"125.256187,48.881821",,,125.256187,48.881821
九台站,0,"125.838846,44.149789",,,125.838846,44.149789
九台南站,10,"125.811690,44.022510",,,125.81169,44.02251
九营站,0,"131.953644,46.919895",,,131.953644,46.919895
酒泉站,0, ,,,0,0
酒泉南站,21,"98.535587,39.701530",,,98.535587,39.70153
莒南站,0,"118.847635,35.183335",,,118.847635,35.183335
莒县站,0,"118.840414,35.651625",,,118.840414,35.651625
巨野站,0,"116.098873,35.397875",,,116.098873,35.397875
句容西站,12,"118.980054,31.832794",,,118.980054,31.832794
鄄城站,0,"115.510193,35.563408",,,115.510193,35.563408
军粮城北站,22,"117.42752,39.066222",,,117.42752,39.066222
峻德站,0,"130.291611,47.196819",,,130.291611,47.196819
喀喇其站,0,"122.056274,50.701626",,,122.056274,50.701626
喀什站,0,"76.047843,39.492897",,,76.047843,39.492897
卡伦站,0,"125.555763,44.022591",,,125.555763,44.022591
开安站,2,"125.205498,44.166187",,,125.205498,44.166187
开封站,0,"114.353134,34.771189",,,114.353134,34.771189
开封北站,46,"114.261713,34.839531",,,114.261713,34.839531
开福寺站,50,"112.980472,28.220620",,,112.980472,28.22062
开化站,6,"118.408666,29.125508",,,118.408666,29.125508
开江站,0,"107.801719,30.913773",,,107.801719,30.913773
开鲁站,0,"121.284771,43.632868",,,121.284771,43.632868
开通站,0,"123.077339,44.805386",,,123.077339,44.805386
开阳站,8,"106.974157,27.041487",,,106.974157,27.041487
开原站,0,"124.172644,42.632113",,,124.172644,42.632113
开原西站,27,"123.918484,42.549692",,,123.918484,42.549692
凯北站,0, ,,,0,0
凯里站,0,"107.976367,26.602940",,,107.976367,26.60294
凯里南站,75,"107.887315,26.516046",,,107.887315,26.516046
康金井站,0,"126.817139,46.196625",,,126.817139,46.196625
康庄站,0,"115.898270,40.379906",,,115.89827,40.379906
柯柯站,0,"98.255791,36.984417",,,98.255791,36.984417
岢岚站,0,"111.581271,38.718807",,,111.581271,38.718807
克东站,0,"126.211898,48.160622",,,126.211898,48.160622
克拉玛依站,0,"84.869315,45.611034",,,84.869315,45.611034
克山站,0,"125.850856,48.016332",,,125.850856,48.016332
克一河站,0,"122.493919,50.651684",,,122.493919,50.651684
孔家沟站,0,"120.646751,40.792500",,,120.646751,40.7925
孔垄站,0,"115.898048,29.911366",,,115.898048,29.911366
口前站,0,"126.526031,45.890476",,,126.526031,45.890476
库车站,0,"83.016742,41.694374",,,83.016742,41.694374
库都尔站,0,"121.630379,50.026634",,,121.630379,50.026634
库尔勒站,0,"86.194823,41.747164",,,86.194823,41.747164
库伦站,0,"121.832397,42.739777",,,121.832397,42.739777
宽甸站,0,"124.781827,40.719874",,,124.781827,40.719874
奎山站,0,"130.407928,45.228607",,,130.407928,45.228607
奎屯站,0,"84.900587,44.403131",,,84.900587,44.403131
葵潭站,31,"115.997932,23.063885",,,115.997932,23.063885
昆都仑召站,0, ,,,0,0
昆明站,16,"102.721725,25.015834",,,102.721725,25.015834
昆明南站,138,"102.862417,24.870376",,,102.862417,24.870376
昆山站,0,"120.956936,31.365716",,,120.956936,31.365716
昆山南站,214,"120.950857,31.353254",,,120.950857,31.353254
昆阳站,0,"102.608589,24.663301",,,102.608589,24.663301
拉白站,0,"102.636589,28.574276",,,102.636589,28.574276
拉古站,0,"123.820213,41.726532",,,123.820213,41.726532
拉哈站,0,"124.629997,48.205532",,,124.629997,48.205532
拉林站,0,"126.896553,45.231125",,,126.896553,45.231125
拉萨站,0,"91.070254,29.623103",,,91.070254,29.623103
拉站,0,"101.928894,26.371666",,,101.928894,26.371666
砬子河站,0,"127.705673,42.519047",,,127.705673,42.519047
喇嘛甸站,0,"124.780380,46.708389",,,124.78038,46.708389
喇嘛山站,0,"122.261116,48.386497",,,122.261116,48.386497
来宾站,0,"109.241658,23.730604",,,109.241658,23.730604
来宾北站,68,"109.244330,23.752318",,,109.24433,23.752318
莱芜东站,0,"117.693870,36.229344",,,117.69387,36.229344
莱西站,0,"120.518085,36.809967",,,120.518085,36.809967
莱西北站,35,"120.529356,36.822982",,,120.529356,36.822982
莱阳站,52,"120.708845,36.928025",,,120.708845,36.928025
涞源站,0,"114.712039,39.371808",,,114.712039,39.371808
濑湍站,0,"107.501663,22.445158",,,107.501663,22.445158
兰岗站,0,"129.412201,44.267406",,,129.412201,44.267406
兰家屯站,0,"123.255905,41.889305",,,123.255905,41.889305
兰考站,0,"114.819312,34.814521",,,114.819312,34.814521
兰考南站,33,"114.824453,34.772197",,,114.824453,34.772197
兰棱站,0,"126.189362,45.220814",,,126.189362,45.220814
兰陵北站,0,"118.064546,34.986080",,,118.064546,34.98608
兰岭站,0,"130.712646,45.303413",,,130.712646,45.303413
兰溪站,0,"119.479730,29.213518",,,119.47973,29.213518
兰州站,29,"103.851238,36.034823",,,103.851238,36.034823
兰州东站,0,"103.891600,36.030084",,,103.8916,36.030084
兰州西站,127,"103.752739,36.068391",,,103.752739,36.068391
兰州新区站,7,"103.655136,36.485980",,,103.655136,36.48598
蓝村站,0,"120.183914,36.395317",,,120.183914,36.395317
狼尾山站,0,"98.038330,39.622665",,,98.03833,39.622665
阆中站,11,"105.957232,31.557677",,,105.957232,31.557677
廊坊站,41,"116.708118,39.509275",,,116.708118,39.509275
廊坊北站,0,"116.705768,39.513185",,,116.705768,39.513185
朗乡站,0,"128.878448,46.958977",,,128.878448,46.958977
老边站,0,"122.368322,40.674982",,,122.368322,40.674982
老城镇站,5,"110.117679,19.932707",,,110.117679,19.932707
老府站,0,"118.273331,42.190067",,,118.273331,42.190067
老莱站,0,"125.006523,48.649014",,,125.006523,48.649014
老岭站,0,"126.299942,41.411343",,,126.299942,41.411343
老羊壕站,0,"109.840973,41.394047",,,109.840973,41.394047
老爷岭站,0,"127.189041,43.927219",,,127.189041,43.927219
老营站,0,"126.360611,41.886253",,,126.360611,41.886253
乐昌站,0,"113.357319,25.129303",,,113.357319,25.129303
乐昌东站,12,"113.395170,25.113344",,,113.39517,25.113344
乐东站,24,"108.938580,18.445241",,,108.93858,18.445241
乐都站,0, ,,,0,0
乐都南站,10,"102.391055,36.467881",,,102.391055,36.467881
乐平市站,0,"117.163919,28.957235",,,117.163919,28.957235
乐清站,35,"120.859452,28.084152",,,120.859452,28.084152
乐山站,31,"103.712707,29.601903",,,103.712707,29.601903
乐善村站,0,"103.156319,25.037355",,,103.156319,25.037355
乐武站,0,"102.625610,28.300451",,,102.62561,28.300451
乐跃站,0,"102.322357,27.295111",,,102.322357,27.295111
雷州站,0,"110.094370,20.901070",,,110.09437,20.90107
耒阳站,0,"112.822996,26.404344",,,112.822996,26.404344
耒阳西站,32,"112.788199,26.414996",,,112.788199,26.414996
冷水江东站,0,"111.467375,27.658504",,,111.467375,27.658504
离堆公园站,10,"103.613289,30.996822",,,103.613289,30.996822
梨树镇站,0, ,,,0,0
黎城站,0, ,,,0,0
黎塘站,0,"109.133171,23.195194",,,109.133171,23.195194
礼泉站,0,"108.419055,34.431260",,,108.419055,34.43126
李家站,0,"119.933693,36.742512",,,119.933693,36.742512
李家坪站,0,"101.788269,38.530949",,,101.788269,38.530949
李石寨站,0,"123.727524,41.817265",,,123.727524,41.817265
李旺站,0,"106.102715,36.663952",,,106.102715,36.663952
里木店站,0,"126.214340,45.967094",,,126.21434,45.967094
澧县站,0,"111.604631,29.819325",,,111.604631,29.819325
醴陵站,0,"113.511358,27.670164",,,113.511358,27.670164
醴陵东站,38,"113.578001,27.714875",,,113.578001,27.714875
立志站,0,"124.570473,45.994514",,,124.570473,45.994514
丽江站,0,"100.208716,26.883431",,,100.208716,26.883431
丽水站,81,"119.953894,28.441475",,,119.953894,28.441475
励家站,0,"122.355469,41.737415",,,122.355469,41.737415
利川站,47,"108.940287,30.278346",,,108.940287,30.278346
利津南站,0, ,,,0,0
沥林北站,37,"114.238426,22.975706",,,114.238426,22.975706
溧水站,74,"119.096321,31.679117",,,119.096321,31.679117
溧阳站,83,"119.503032,31.385949",,,119.503032,31.385949
连江站,25,"119.566523,26.194396",,,119.566523,26.194396
连山关站,0, ,,,0,0
连云港东站,0,"119.340681,34.718051",,,119.340681,34.718051
连珠山站,0, ,,,0,0
莲东站,0,"112.644646,35.129971",,,112.644646,35.129971
莲花山站,0, ,,,0,0
莲江口站,0, ,,,0,0
涟源站,0,"111.675704,27.684735",,,111.675704,27.684735
联合乡站,0,"102.467300,28.272491",,,102.4673,28.272491
廉江站,0,"110.296657,21.614856",,,110.296657,21.614856
良各庄站,0,"115.937401,39.719116",,,115.937401,39.719116
凉红站,0,"102.823425,29.087376",,,102.823425,29.087376
梁底下站,0,"117.625549,41.108303",,,117.625549,41.108303
梁平站,0, ,,,0,0
梁平南站,37,"107.769943,30.642445",,,107.769943,30.642445
梁山站,0,"116.112275,35.802558",,,116.112275,35.802558
两当站,0, ,,,0,0
两家站,2,"123.946709,45.527924",,,123.946709,45.527924
辽阳站,56,"123.168998,41.281879",,,123.168998,41.281879
辽源站,0,"125.129307,42.905276",,,125.129307,42.905276
辽中站,10,"122.771232,41.559091",,,122.771232,41.559091
聊城站,0,"115.943826,36.457178",,,115.943826,36.457178
寮步站,59,"113.882324,22.952980",,,113.882324,22.95298
林东站,0,"119.412865,43.934647",,,119.412865,43.934647
林海站,0,"124.357460,51.578934",,,124.35746,51.578934
林家台站,0,"123.952240,40.717667",,,123.95224,40.717667
林口站,0,"130.270226,45.292858",,,130.270226,45.292858
林盛堡站,0,"123.363457,41.579304",,,123.363457,41.579304
林西站,0,"118.081582,43.593443",,,118.081582,43.593443
林源站,0,"124.763016,46.344074",,,124.763016,46.344074
林子头站,0,"126.599739,41.950577",,,126.599739,41.950577
临城站,0,"114.611802,37.469615",,,114.611802,37.469615
